{
  "iteration": 2,
  "scc_history": [
    1.89873417721519,
    4.430379746835443
  ],
  "enforced_history": [
    7,
    12
  ],
  "demoted_history": [
    2,
    0
  ],
  "coverage_history": [
    37.6,
    37.6
  ]
}