{
  "iteration": 2,
  "scc_history": [
    1.5822784810126582,
    3.481012658227848
  ],
  "enforced_history": [
    3,
    9
  ],
  "demoted_history": [
    0,
    0
  ],
  "coverage_history": [
    0.0,
    32.6
  ]
}