{
  "iteration": 2,
  "scc_history": [
    2.18978102189781,
    2.9197080291970803
  ],
  "enforced_history": [
    3,
    4
  ],
  "demoted_history": [
    0,
    0
  ],
  "coverage_history": [
    0.0,
    0.0
  ]
}