{
  "iteration": 2,
  "scc_history": [
    2.9197080291970803,
    2.9197080291970803
  ],
  "enforced_history": [
    6,
    6
  ],
  "demoted_history": [
    0,
    0
  ],
  "coverage_history": [
    0.0,
    0.0
  ]
}