{
  "iteration": 2,
  "scc_history": [
    3.79746835443038,
    5.063291139240507
  ],
  "enforced_history": [
    11,
    12
  ],
  "demoted_history": [
    1,
    0
  ],
  "coverage_history": [
    36.3,
    36.3
  ]
}