{
  "iteration": 5,
  "scc_history": [
    2.848101265822785,
    3.481012658227848,
    4.113924050632911,
    4.113924050632911,
    0.7299270072992701
  ],
  "enforced_history": [
    14,
    17,
    18,
    19,
    1
  ],
  "demoted_history": [
    0,
    0,
    0,
    0,
    0
  ]
}