{
  "iteration": 2,
  "scc_history": [
    0.8830022075055187,
    0.44150110375275936
  ],
  "enforced_history": [
    2,
    1
  ],
  "demoted_history": [
    0,
    0
  ]
}