{
  "iteration": 3,
  "scc_history": [
    4.37956204379562,
    5.839416058394161,
    5.839416058394161
  ],
  "enforced_history": [
    4,
    6,
    6
  ],
  "demoted_history": [
    0,
    0,
    0
  ],
  "coverage_history": [
    0.0,
    0.0,
    0.0
  ]
}