{
  "iteration": 3,
  "scc_history": [
    0.7299270072992701,
    0.7299270072992701,
    0.7299270072992701
  ],
  "enforced_history": [
    1,
    1,
    1
  ],
  "demoted_history": [
    0,
    0,
    0
  ]
}