{
  "iteration": 3,
  "scc_history": [
    2.5316455696202533,
    2.5316455696202533,
    2.5316455696202533
  ],
  "enforced_history": [
    7,
    7,
    7
  ],
  "demoted_history": [
    0,
    0,
    0
  ]
}