{
  "iteration": 2,
  "scc_history": [
    0.949367088607595,
    0.31645569620253167
  ],
  "enforced_history": [
    4,
    2
  ],
  "demoted_history": [
    2,
    0
  ]
}