{
  "iteration": 2,
  "scc_history": [
    3.1645569620253164,
    3.1645569620253164
  ],
  "enforced_history": [
    11,
    9
  ],
  "demoted_history": [
    2,
    0
  ],
  "coverage_history": [
    37.2,
    37.2
  ]
}